[
  {
    "value": "Darth Vader",
    "synonyms": [
      "Darth Vader",
      "Vader",
      "Darth"
    ]
  },
  {
    "value": "R2-D2",
    "synonyms": [
      "R2-D2",
      "D2",
      "R2",
      "r2d2"
    ]
  },
  {
    "value": "C-3PO",
    "synonyms": [
      "C-3PO",
      "3PO",
      "c3po"
    ]
  },
  {
    "value": "Luke Skywalker",
    "synonyms": [
      "Luke Skywalker",
      "Luke"
    ]
  },
  {
    "value": "Anakin Skywalker",
    "synonyms": [
      "Anakin Skywalker",
      "Anakin"
    ]
  },
  {
    "value": "Chewbacca",
    "synonyms": [
      "Chewbacca",
      "Chewbacca",
      "Chewie"
    ]
  },
  {
    "value": "Greedo",
    "synonyms": [
      "Greedo",
      "Greedo",
      "Greedo"
    ]
  },
  {
    "value": "Boba Fett",
    "synonyms": [
      "Boba Fett",
      "Fett",
      "Boba"
    ]
  },
  {
    "value": "Owen Lars",
    "synonyms": [
      "Owen Lars",
      "Lars",
      "Owen"
    ]
  },
  {
    "value": "Bossk",
    "synonyms": [
      "Bossk",
      "Bossk",
      "Bossk"
    ]
  },
  {
    "value": "Han Solo",
    "synonyms": [
      "Han Solo",
      "Solo",
      "Han"
    ]
  },
  {
    "value": "Yoda",
    "synonyms": [
      "Yoda",
      "Yoda",
      "Yoda"
    ]
  },
  {
    "value": "Biggs Darklighter",
    "synonyms": [
      "Biggs Darklighter",
      "Darklighter",
      "Biggs"
    ]
  },
  {
    "value": "Palpatine",
    "synonyms": [
      "Palpatine",
      "Palpatine",
      "Palpatine"
    ]
  },
  {
    "value": "Leia Organa",
    "synonyms": [
      "Leia Organa",
      "Organa",
      "Leia"
    ]
  },
  {
    "value": "R5-D4",
    "synonyms": [
      "R5-D4",
      "D4",
      "R5"
    ]
  },
  {
    "value": "IG-88",
    "synonyms": [
      "IG-88",
      "88",
      "IG"
    ]
  },
  {
    "value": "Jabba Desilijic Tiure",
    "synonyms": [
      "Jabba Desilijic Tiure",
      "Tiure",
      "Jabba"
    ]
  },
  {
    "value": "Wedge Antilles",
    "synonyms": [
      "Wedge Antilles",
      "Antilles",
      "Wedge"
    ]
  },
  {
    "value": "Obi-Wan Kenobi",
    "synonyms": [
      "Obi-Wan Kenobi",
      "Kenobi",
      "Obi"
    ]
  },
  {
    "value": "Jek Tono Porkins",
    "synonyms": [
      "Jek Tono Porkins",
      "Porkins",
      "Jek"
    ]
  },
  {
    "value": "Wilhuff Tarkin",
    "synonyms": [
      "Wilhuff Tarkin",
      "Tarkin",
      "Wilhuff"
    ]
  },
  {
    "value": "Beru Whitesun lars",
    "synonyms": [
      "Beru Whitesun lars",
      "lars",
      "Beru"
    ]
  },
  {
    "value": "Mon Mothma",
    "synonyms": [
      "Mon Mothma",
      "Mothma",
      "Mon"
    ]
  },
  {
    "value": "Finis Valorum",
    "synonyms": [
      "Finis Valorum",
      "Valorum",
      "Finis"
    ]
  },
  {
    "value": "Jar Jar Binks",
    "synonyms": [
      "Jar Jar Binks",
      "Binks",
      "Jar"
    ]
  },
  {
    "value": "Lando Calrissian",
    "synonyms": [
      "Lando Calrissian",
      "Calrissian",
      "Lando"
    ]
  },
  {
    "value": "Darth Maul",
    "synonyms": [
      "Darth Maul",
      "Maul",
      "Darth"
    ]
  },
  {
    "value": "Wicket Systri Warrick",
    "synonyms": [
      "Wicket Systri Warrick",
      "Warrick",
      "Wicket"
    ]
  },
  {
    "value": "Nute Gunray",
    "synonyms": [
      "Nute Gunray",
      "Gunray",
      "Nute"
    ]
  },
  {
    "value": "Roos Tarpals",
    "synonyms": [
      "Roos Tarpals",
      "Tarpals",
      "Roos"
    ]
  },
  {
    "value": "Qui-Gon Jinn",
    "synonyms": [
      "Qui-Gon Jinn",
      "Jinn",
      "Qui"
    ]
  },
  {
    "value": "Sebulba",
    "synonyms": [
      "Sebulba",
      "Sebulba",
      "Sebulba"
    ]
  },
  {
    "value": "Rugor Nass",
    "synonyms": [
      "Rugor Nass",
      "Nass",
      "Rugor"
    ]
  },
  {
    "value": "Shmi Skywalker",
    "synonyms": [
      "Shmi Skywalker",
      "Shmi"
    ]
  },
  {
    "value": "Bib Fortuna",
    "synonyms": [
      "Bib Fortuna",
      "Fortuna",
      "Bib"
    ]
  },
  {
    "value": "Lobot",
    "synonyms": [
      "Lobot",
      "Lobot",
      "Lobot"
    ]
  },
  {
    "value": "Ackbar",
    "synonyms": [
      "Ackbar",
      "Ackbar",
      "Ackbar"
    ]
  },
  {
    "value": "Arvel Crynyd",
    "synonyms": [
      "Arvel Crynyd",
      "Crynyd",
      "Arvel"
    ]
  },
  {
    "value": "Nien Nunb",
    "synonyms": [
      "Nien Nunb",
      "Nunb",
      "Nien"
    ]
  },
  {
    "value": "Watto",
    "synonyms": [
      "Watto",
      "Watto",
      "Watto"
    ]
  },
  {
    "value": "Ric Olié",
    "synonyms": [
      "Ric Olié",
      "Olié",
      "Ric"
    ]
  },
  {
    "value": "Padmé Amidala",
    "synonyms": [
      "Padmé Amidala",
      "Amidala",
      "Padmé"
    ]
  },
  {
    "value": "Quarsh Panaka",
    "synonyms": [
      "Quarsh Panaka",
      "Panaka",
      "Quarsh"
    ]
  },
  {
    "value": "Ratts Tyerel",
    "synonyms": [
      "Ratts Tyerel",
      "Tyerel",
      "Ratts"
    ]
  },
  {
    "value": "Adi Gallia",
    "synonyms": [
      "Adi Gallia",
      "Gallia",
      "Adi"
    ]
  },
  {
    "value": "Dormé",
    "synonyms": [
      "Dormé",
      "Dormé",
      "Dormé"
    ]
  },
  {
    "value": "Gregar Typho",
    "synonyms": [
      "Gregar Typho",
      "Typho",
      "Gregar"
    ]
  },
  {
    "value": "Poggle the Lesser",
    "synonyms": [
      "Poggle the Lesser",
      "Lesser",
      "Poggle"
    ]
  },
  {
    "value": "Barriss Offee",
    "synonyms": [
      "Barriss Offee",
      "Offee",
      "Barriss"
    ]
  },
  {
    "value": "Mace Windu",
    "synonyms": [
      "Mace Windu",
      "Windu",
      "Mace"
    ]
  },
  {
    "value": "Ki-Adi-Mundi",
    "synonyms": [
      "Ki-Adi-Mundi",
      "Mundi",
      "Ki"
    ]
  },
  {
    "value": "Kit Fisto",
    "synonyms": [
      "Kit Fisto",
      "Fisto",
      "Kit"
    ]
  },
  {
    "value": "Cordé",
    "synonyms": [
      "Cordé",
      "Cordé",
      "Cordé"
    ]
  },
  {
    "value": "Dud Bolt",
    "synonyms": [
      "Dud Bolt",
      "Bolt",
      "Dud"
    ]
  },
  {
    "value": "Ben Quadinaros",
    "synonyms": [
      "Ben Quadinaros",
      "Quadinaros",
      "Ben"
    ]
  },
  {
    "value": "Saesee Tiin",
    "synonyms": [
      "Saesee Tiin",
      "Tiin",
      "Saesee"
    ]
  },
  {
    "value": "Cliegg Lars",
    "synonyms": [
      "Cliegg Lars",
      "Lars",
      "Cliegg"
    ]
  },
  {
    "value": "Eeth Koth",
    "synonyms": [
      "Eeth Koth",
      "Koth",
      "Eeth"
    ]
  },
  {
    "value": "Yarael Poof",
    "synonyms": [
      "Yarael Poof",
      "Poof",
      "Yarael"
    ]
  },
  {
    "value": "Plo Koon",
    "synonyms": [
      "Plo Koon",
      "Koon",
      "Plo"
    ]
  },
  {
    "value": "Ayla Secura",
    "synonyms": [
      "Ayla Secura",
      "Secura",
      "Ayla"
    ]
  },
  {
    "value": "Gasgano",
    "synonyms": [
      "Gasgano",
      "Gasgano",
      "Gasgano"
    ]
  },
  {
    "value": "Luminara Unduli",
    "synonyms": [
      "Luminara Unduli",
      "Unduli",
      "Luminara"
    ]
  },
  {
    "value": "Mas Amedda",
    "synonyms": [
      "Mas Amedda",
      "Amedda",
      "Mas"
    ]
  },
  {
    "value": "Dooku",
    "synonyms": [
      "Dooku",
      "Dooku",
      "Dooku"
    ]
  },
  {
    "value": "Jango Fett",
    "synonyms": [
      "Jango Fett",
      "Fett",
      "Jango"
    ]
  },
  {
    "value": "Wat Tambor",
    "synonyms": [
      "Wat Tambor",
      "Tambor",
      "Wat"
    ]
  },
  {
    "value": "Jocasta Nu",
    "synonyms": [
      "Jocasta Nu",
      "Nu",
      "Jocasta"
    ]
  },
  {
    "value": "R4-P17",
    "synonyms": [
      "R4-P17",
      "P17",
      "R4"
    ]
  },
  {
    "value": "Zam Wesell",
    "synonyms": [
      "Zam Wesell",
      "Wesell",
      "Zam"
    ]
  },
  {
    "value": "Tarfful",
    "synonyms": [
      "Tarfful",
      "Tarfful",
      "Tarfful"
    ]
  },
  {
    "value": "Raymus Antilles",
    "synonyms": [
      "Raymus Antilles",
      "Antilles",
      "Raymus"
    ]
  },
  {
    "value": "San Hill",
    "synonyms": [
      "San Hill",
      "Hill",
      "San"
    ]
  },
  {
    "value": "Grievous",
    "synonyms": [
      "Grievous",
      "Grievous",
      "Grievous"
    ]
  },
  {
    "value": "Sly Moore",
    "synonyms": [
      "Sly Moore",
      "Moore",
      "Sly"
    ]
  },
  {
    "value": "Shaak Ti",
    "synonyms": [
      "Shaak Ti",
      "Ti",
      "Shaak"
    ]
  },
  {
    "value": "Bail Prestor Organa",
    "synonyms": [
      "Bail Prestor Organa",
      "Organa",
      "Bail"
    ]
  },
  {
    "value": "Dexter Jettster",
    "synonyms": [
      "Dexter Jettster",
      "Jettster",
      "Dexter"
    ]
  },
  {
    "value": "Lama Su",
    "synonyms": [
      "Lama Su",
      "Su",
      "Lama"
    ]
  },
  {
    "value": "Tion Medon",
    "synonyms": [
      "Tion Medon",
      "Medon",
      "Tion"
    ]
  },
  {
    "value": "Taun We",
    "synonyms": [
      "Taun We",
      "We",
      "Taun"
    ]
  },
  {
    "value": "Skywalker",
    "synonyms": [
      "Skywalker"
    ]
  }
]