[
  {
    "id": "ac18f62d-c69d-43aa-a516-dc229430c604",
    "data": [
      {
        "text": "what movies is ",
        "userDefined": false
      },
      {
        "text": "vader",
        "alias": "Subject",
        "meta": "@Subject",
        "userDefined": true
      },
      {
        "text": " in?",
        "userDefined": false
      }
    ],
    "isTemplate": false,
    "count": 0,
    "updated": 1508950040
  },
  {
    "id": "5929aeda-9b21-4866-bbde-b5f285860c3e",
    "data": [
      {
        "text": "what movies is she in?",
        "userDefined": false
      }
    ],
    "isTemplate": false,
    "count": 0,
    "updated": 1502280970
  },
  {
    "id": "e0fe6e3a-2cc7-4494-821e-0992374b2a2c",
    "data": [
      {
        "text": "what movies is he in?",
        "userDefined": false
      }
    ],
    "isTemplate": false,
    "count": 0,
    "updated": 1502280970
  },
  {
    "id": "679a1e6b-36b6-462b-9f5c-15f1e02830bc",
    "data": [
      {
        "text": "movies",
        "userDefined": false
      }
    ],
    "isTemplate": false,
    "count": 0,
    "updated": 1502280970
  },
  {
    "id": "092aef50-6c63-4ef6-8ea1-c071fcccae70",
    "data": [
      {
        "text": "In which movies does ",
        "userDefined": false
      },
      {
        "text": "Vader",
        "alias": "Subject",
        "meta": "@Subject",
        "userDefined": true
      },
      {
        "text": " appear?",
        "userDefined": false
      }
    ],
    "isTemplate": false,
    "count": 0,
    "updated": 1508950040
  },
  {
    "id": "875e00cb-dc52-425d-8609-b215ef8db0ff",
    "data": [
      {
        "text": "In which movies does she appear?",
        "userDefined": false
      }
    ],
    "isTemplate": false,
    "count": 0,
    "updated": 0
  },
  {
    "id": "06de1263-a39e-4df3-8c4a-0a9c113db204",
    "data": [
      {
        "text": "In which movies does he appear?",
        "userDefined": false
      }
    ],
    "isTemplate": false,
    "count": 0,
    "updated": 0
  }
]