[
  {
    "id": "1e6b7026-d0bd-4ba5-8a7d-d2ce546f19b4",
    "data": [
      {
        "text": "what\u0027s ",
        "userDefined": false
      },
      {
        "text": "Luke Skywalker",
        "alias": "Subject",
        "meta": "@Subject",
        "userDefined": true
      },
      {
        "text": " hair color",
        "userDefined": false
      }
    ],
    "isTemplate": false,
    "count": 0,
    "updated": 0
  },
  {
    "id": "9b9df4d9-ec8b-4ef0-9b23-03bd1afac6f1",
    "data": [
      {
        "text": "hair",
        "userDefined": false
      }
    ],
    "isTemplate": false,
    "count": 0,
    "updated": 0
  },
  {
    "id": "67f3f2ae-8934-4fa0-b0c0-437ad0e8fcf7",
    "data": [
      {
        "text": "color of the hair",
        "userDefined": false
      }
    ],
    "isTemplate": false,
    "count": 0,
    "updated": 0
  },
  {
    "id": "a10a3660-56e2-4832-b42e-0110b9cf1b36",
    "data": [
      {
        "text": "hair color",
        "userDefined": false
      }
    ],
    "isTemplate": false,
    "count": 0,
    "updated": 0
  },
  {
    "id": "a6398759-c37a-4a9e-a5e3-76561566df9a",
    "data": [
      {
        "text": "what\u0027s hair color",
        "userDefined": false
      }
    ],
    "isTemplate": false,
    "count": 0,
    "updated": 0
  }
]