[
  {
    "id": "e405ec4e-91e8-4fce-bc1e-cb5b34e17efc",
    "data": [
      {
        "text": "I want to know ",
        "userDefined": false
      },
      {
        "text": "Luke Skywalker",
        "alias": "Subject",
        "meta": "@Subject",
        "userDefined": true
      },
      {
        "text": "\u0027s height",
        "userDefined": false
      }
    ],
    "isTemplate": false,
    "count": 0,
    "updated": 1502273117
  },
  {
    "id": "6157e589-a8aa-48cb-ab84-212b92f6838b",
    "data": [
      {
        "text": "I want to know height",
        "userDefined": false
      }
    ],
    "isTemplate": false,
    "count": 0,
    "updated": 1494933084
  },
  {
    "id": "abf59d8b-8c26-4867-9705-7bdb24c65d65",
    "data": [
      {
        "text": "I want to know his height",
        "userDefined": false
      }
    ],
    "isTemplate": false,
    "count": 0,
    "updated": 1494933084
  },
  {
    "id": "c1dabb7d-fa3b-4e61-9290-0fb825cdffef",
    "data": [
      {
        "text": "height",
        "userDefined": false
      }
    ],
    "isTemplate": false,
    "count": 0,
    "updated": 1494933084
  },
  {
    "id": "c5430f40-a123-4a10-8c77-34be794c5dce",
    "data": [
      {
        "text": "How tall is it?",
        "userDefined": false
      }
    ],
    "isTemplate": false,
    "count": 0,
    "updated": 0
  },
  {
    "id": "33144986-aa62-4f59-ab36-1efdc5738fa2",
    "data": [
      {
        "text": "How tall is she?",
        "userDefined": false
      }
    ],
    "isTemplate": false,
    "count": 0,
    "updated": 0
  },
  {
    "id": "e8feb80d-3714-4240-83f8-105d6f3bf36f",
    "data": [
      {
        "text": "How tall is he?",
        "userDefined": false
      }
    ],
    "isTemplate": false,
    "count": 0,
    "updated": 0
  },
  {
    "id": "2333da9f-3749-4209-af36-ac70182d30b3",
    "data": [
      {
        "text": "How tall is ",
        "userDefined": false
      },
      {
        "text": "Luke Skywalker",
        "alias": "Subject",
        "meta": "@Subject",
        "userDefined": true
      },
      {
        "text": "?",
        "userDefined": false
      }
    ],
    "isTemplate": false,
    "count": 0,
    "updated": 1502273117
  }
]