[
  {
    "id": "0b762d24-bb0c-4e75-aded-01d7cd8eca13",
    "data": [
      {
        "text": "where was she born?",
        "userDefined": false
      }
    ],
    "isTemplate": false,
    "count": 0,
    "updated": 1502286279
  },
  {
    "id": "092f9c85-d9b3-41bb-8e51-b0a998b1e1fb",
    "data": [
      {
        "text": "where was he born?",
        "userDefined": false
      }
    ],
    "isTemplate": false,
    "count": 0,
    "updated": 1502286279
  },
  {
    "id": "57c0f480-64a6-4eb9-ba8d-5b33bb45b9ce",
    "data": [
      {
        "text": "where is ",
        "userDefined": false
      },
      {
        "text": "vader",
        "alias": "Subject",
        "meta": "@Subject",
        "userDefined": true
      },
      {
        "text": " from?",
        "userDefined": false
      }
    ],
    "isTemplate": false,
    "count": 0,
    "updated": 1508950071
  },
  {
    "id": "94b1e4b2-b7d9-4adc-9aa8-a255fa4dec6e",
    "data": [
      {
        "text": "where is she from?",
        "userDefined": false
      }
    ],
    "isTemplate": false,
    "count": 0,
    "updated": 1502274695
  },
  {
    "id": "eea783b8-0f5d-4c51-b031-0d141d7fbea7",
    "data": [
      {
        "text": "where is he from?",
        "userDefined": false
      }
    ],
    "isTemplate": false,
    "count": 0,
    "updated": 1502274695
  },
  {
    "id": "966331c6-3306-4db1-b9d6-aa4fa000fa84",
    "data": [
      {
        "text": "where born",
        "userDefined": false
      }
    ],
    "isTemplate": false,
    "count": 0,
    "updated": 1494933997
  },
  {
    "id": "1facead0-a4d7-4df5-818b-85ddb39944e0",
    "data": [
      {
        "text": "in which planet was born",
        "userDefined": false
      }
    ],
    "isTemplate": false,
    "count": 0,
    "updated": 1494933997
  },
  {
    "id": "69b930fd-0700-46f5-b292-417bd39a7c7d",
    "data": [
      {
        "text": "planet",
        "userDefined": false
      }
    ],
    "isTemplate": false,
    "count": 0,
    "updated": 1494933997
  },
  {
    "id": "69718442-6418-430d-be7f-42a23ae1c2ca",
    "data": [
      {
        "text": "from planet",
        "userDefined": false
      }
    ],
    "isTemplate": false,
    "count": 0,
    "updated": 1494933997
  },
  {
    "id": "ebfdf413-178a-4fac-9801-1ad97b7a911b",
    "data": [
      {
        "text": "where was ",
        "userDefined": false
      },
      {
        "text": "Luke Skywalker",
        "alias": "Subject",
        "meta": "@Subject",
        "userDefined": true
      },
      {
        "text": " born?",
        "userDefined": false
      }
    ],
    "isTemplate": false,
    "count": 0,
    "updated": 1508950071
  },
  {
    "id": "ee852b3f-d571-439e-bbb8-af34863537fc",
    "data": [
      {
        "text": "where was born?",
        "userDefined": false
      }
    ],
    "isTemplate": false,
    "count": 0,
    "updated": 1494933997
  }
]