[
  {
    "id": "e1720dee-b3cc-45a1-9f92-80ffcca205e4",
    "data": [
      {
        "text": "skywalker",
        "alias": "Subject",
        "meta": "@Subject",
        "userDefined": false
      }
    ],
    "isTemplate": false,
    "count": 0,
    "updated": 1508951163
  },
  {
    "id": "c4552def-047e-4b44-b369-a62cb9be4c9b",
    "data": [
      {
        "text": "tell me about ",
        "userDefined": false
      },
      {
        "text": "skywalker",
        "alias": "Subject",
        "meta": "@Subject",
        "userDefined": true
      }
    ],
    "isTemplate": false,
    "count": 0,
    "updated": 1508949834
  },
  {
    "id": "648949a4-5da0-4571-a7ff-c9ff15d1ae1b",
    "data": [
      {
        "text": "I want to know things about ",
        "userDefined": false
      },
      {
        "text": "skywalker",
        "alias": "Subject",
        "meta": "@Subject",
        "userDefined": true
      }
    ],
    "isTemplate": false,
    "count": 0,
    "updated": 1508949834
  },
  {
    "id": "eeefe15d-677c-4ea8-92d7-5379db6876c3",
    "data": [
      {
        "text": "I want to talk about ",
        "userDefined": false
      },
      {
        "text": "skywalker",
        "alias": "Subject",
        "meta": "@Subject",
        "userDefined": true
      }
    ],
    "isTemplate": false,
    "count": 1,
    "updated": 1508949834
  },
  {
    "id": "0e045776-9ac1-42ba-aed0-37b406c16d69",
    "data": [
      {
        "text": "let\u0027s talk about ",
        "userDefined": false
      },
      {
        "text": "skywalker",
        "alias": "Subject",
        "meta": "@Subject",
        "userDefined": true
      }
    ],
    "isTemplate": false,
    "count": 0,
    "updated": 1508949834
  },
  {
    "id": "79bf0d02-fc4b-4cbf-9e07-aca94156eabd",
    "data": [
      {
        "text": "About ",
        "userDefined": false
      },
      {
        "text": "Luke Skywalker",
        "alias": "Subject",
        "meta": "@Subject",
        "userDefined": true
      }
    ],
    "isTemplate": false,
    "count": 0,
    "updated": 1508949834
  },
  {
    "id": "a0e175a4-c191-4e07-a426-a40b9549fb28",
    "data": [
      {
        "text": "Let\u0027s talk about ",
        "userDefined": false
      },
      {
        "text": "Leia Organa",
        "alias": "Subject",
        "meta": "@Subject",
        "userDefined": false
      }
    ],
    "isTemplate": false,
    "count": 0,
    "updated": 1508949834
  }
]